               epoch,      train/box_loss,      train/obj_loss,      train/cls_loss,   metrics/precision,      metrics/recall,     metrics/mAP_0.5,metrics/mAP_0.5:0.95,        val/box_loss,        val/obj_loss,        val/cls_loss,               x/lr0,               x/lr1,               x/lr2
                   0,            0.096584,            0.029792,            0.026507,           0.0075273,             0.13802,           0.0048941,          0.00079096,            0.091012,            0.023492,            0.025436,              0.0006,              0.0006,              0.0946
                   1,             0.09059,             0.03274,            0.025744,            0.006326,             0.12227,           0.0036904,          0.00070482,            0.089189,            0.024045,            0.024805,             0.00121,             0.00121,             0.08911
                   2,            0.087617,            0.033217,            0.025371,           0.0096955,             0.07217,           0.0041842,          0.00089995,            0.086376,            0.024606,            0.024122,           0.0018198,           0.0018198,             0.08362
                   3,             0.08367,            0.035173,             0.02508,           0.0063905,             0.24816,           0.0038961,          0.00078837,            0.082302,            0.026085,            0.023613,           0.0024295,           0.0024295,            0.078129
                   4,            0.080141,            0.036985,            0.024611,            0.028482,            0.067004,            0.011398,           0.0024218,            0.079624,            0.026606,            0.022835,           0.0030388,           0.0030388,            0.072639
                   5,            0.074128,            0.037675,            0.023628,             0.15802,             0.20974,             0.14657,            0.039581,             0.06721,            0.027926,            0.020587,           0.0036477,           0.0036477,            0.067148
                   6,            0.067864,            0.037715,            0.021854,             0.28752,             0.35116,             0.29643,             0.10809,            0.062413,            0.025802,            0.017606,           0.0042562,           0.0042562,            0.061656
                   7,            0.060313,            0.033854,            0.019616,             0.46819,             0.47806,             0.48171,             0.21171,            0.056484,            0.022327,            0.014001,           0.0048641,           0.0048641,            0.056164
                   8,            0.055957,            0.030976,            0.016978,             0.69123,             0.57253,             0.63022,             0.26708,            0.053047,            0.019585,            0.011776,           0.0054714,           0.0054714,            0.050671
                   9,            0.052048,            0.027254,            0.015303,             0.78027,             0.56009,             0.61122,             0.24805,            0.053513,            0.018092,            0.010947,           0.0060778,           0.0060778,            0.045178
                  10,            0.050927,              0.0269,              0.0134,             0.79614,             0.68199,             0.74686,             0.34685,            0.048879,            0.017825,           0.0087494,           0.0066835,           0.0066835,            0.039683
                  11,            0.049263,            0.025823,            0.012328,             0.60949,             0.55786,             0.55485,             0.25612,            0.051587,            0.019145,           0.0096467,           0.0072882,           0.0072882,            0.034188
                  12,            0.049231,             0.02494,            0.011242,              0.7741,             0.66857,             0.74128,             0.36723,            0.043871,            0.015588,            0.009321,           0.0078919,           0.0078919,            0.028692
                  13,            0.047633,            0.024689,            0.010362,             0.75809,             0.76549,             0.79918,             0.40427,            0.044181,            0.016412,           0.0055912,           0.0084945,           0.0084945,            0.023194
                  14,             0.04695,            0.023619,           0.0098482,             0.82079,             0.78098,              0.8226,             0.43312,            0.041716,             0.01455,           0.0047425,           0.0090959,           0.0090959,            0.017696
                  15,            0.045912,            0.022823,           0.0095547,             0.66958,             0.62965,             0.64047,             0.32326,            0.044368,            0.019791,           0.0068164,            0.009696,            0.009696,            0.012196
                  16,            0.044533,            0.023321,           0.0094604,             0.81485,             0.77121,             0.81695,              0.4091,            0.042203,            0.014111,           0.0057507,            0.009937,            0.009937,            0.009937
                  17,            0.043575,            0.023345,           0.0088488,             0.83149,             0.74211,             0.81885,             0.45307,            0.041113,             0.01383,           0.0061635,            0.009937,            0.009937,            0.009937
                  18,            0.042082,            0.022828,           0.0081222,              0.7966,             0.73636,              0.8054,             0.41507,            0.042399,            0.015245,           0.0056167,           0.0099289,           0.0099289,           0.0099289
                  19,            0.041293,             0.02215,           0.0079241,             0.83969,              0.6719,             0.78142,             0.42025,             0.04117,            0.014124,           0.0074499,           0.0099203,           0.0099203,           0.0099203
                  20,            0.040682,             0.02205,           0.0079431,             0.81063,             0.78783,             0.84755,             0.44751,            0.040593,            0.013892,           0.0049333,           0.0099112,           0.0099112,           0.0099112
                  21,            0.040709,            0.022007,            0.007601,             0.86434,             0.74713,             0.85584,             0.46621,            0.038788,            0.012839,           0.0047825,           0.0099017,           0.0099017,           0.0099017
                  22,            0.038549,            0.021312,           0.0071987,             0.79823,             0.79344,             0.84047,              0.4512,            0.039048,            0.013038,           0.0041034,           0.0098916,           0.0098916,           0.0098916
                  23,            0.039877,            0.020945,           0.0072265,             0.84024,             0.81671,             0.84852,             0.47227,            0.037442,            0.013622,           0.0041332,           0.0098811,           0.0098811,           0.0098811
                  24,            0.038575,            0.021051,             0.00636,             0.85182,              0.8072,             0.85683,              0.4488,            0.040215,            0.012848,           0.0039975,           0.0098701,           0.0098701,           0.0098701
                  25,            0.039104,            0.021261,           0.0068246,             0.89588,             0.81296,             0.87342,             0.48863,            0.037358,            0.012744,           0.0037518,           0.0098586,           0.0098586,           0.0098586
                  26,            0.038385,            0.020888,           0.0066997,             0.84296,              0.7787,             0.83778,              0.4552,            0.038695,            0.013041,           0.0048429,           0.0098467,           0.0098467,           0.0098467
                  27,            0.037326,            0.020999,           0.0064719,             0.81555,             0.81606,             0.85146,             0.47944,            0.036506,            0.012796,            0.003775,           0.0098342,           0.0098342,           0.0098342
                  28,            0.037164,             0.02005,           0.0064398,             0.81701,             0.74309,             0.81711,             0.44393,            0.038336,            0.012928,           0.0064804,           0.0098213,           0.0098213,           0.0098213
                  29,            0.036841,            0.019917,           0.0059319,             0.89476,             0.78628,             0.87027,             0.47321,            0.037819,            0.012903,           0.0042568,           0.0098079,           0.0098079,           0.0098079
                  30,            0.036598,            0.020655,           0.0059035,             0.81043,             0.81129,             0.84967,             0.45101,            0.039516,            0.012661,            0.005175,           0.0097941,           0.0097941,           0.0097941
                  31,            0.036624,            0.020101,           0.0057197,             0.84894,             0.81482,             0.86716,             0.48434,             0.03721,            0.012409,            0.004264,           0.0097798,           0.0097798,           0.0097798
                  32,            0.035666,            0.019513,            0.006239,             0.83614,             0.78845,             0.84379,             0.49501,            0.036601,            0.012058,           0.0040417,            0.009765,            0.009765,            0.009765
                  33,            0.035778,            0.020333,           0.0057953,             0.89744,             0.72034,             0.83831,             0.44821,            0.038759,            0.013045,           0.0055353,           0.0097497,           0.0097497,           0.0097497
                  34,            0.035817,             0.01999,           0.0055309,             0.85889,             0.82279,             0.88983,             0.49243,            0.036476,            0.012211,           0.0041587,            0.009734,            0.009734,            0.009734
                  35,            0.035546,            0.020263,           0.0056087,             0.83521,             0.80386,              0.8561,             0.47534,              0.0365,            0.012262,           0.0050822,           0.0097178,           0.0097178,           0.0097178
                  36,            0.035383,            0.019767,           0.0052548,             0.89899,             0.79849,             0.87163,             0.49905,            0.036721,            0.012684,           0.0038179,           0.0097011,           0.0097011,           0.0097011
                  37,            0.035253,            0.019882,           0.0056807,             0.83685,             0.84435,              0.8712,             0.49798,            0.036277,            0.012806,           0.0040294,            0.009684,            0.009684,            0.009684
                  38,            0.034454,            0.019237,           0.0053944,             0.82335,             0.84609,              0.8719,             0.50534,              0.0353,            0.012105,           0.0040446,           0.0096664,           0.0096664,           0.0096664
                  39,             0.03466,            0.019438,           0.0052159,             0.85948,             0.81733,             0.87366,             0.49347,            0.036176,            0.012167,           0.0033923,           0.0096484,           0.0096484,           0.0096484
                  40,            0.034903,            0.019733,            0.005546,             0.88004,             0.81025,             0.88879,             0.50421,             0.03522,            0.012072,           0.0046553,           0.0096299,           0.0096299,           0.0096299
                  41,            0.033465,            0.018495,           0.0050091,             0.87722,             0.83896,             0.89391,             0.51142,            0.034698,            0.011991,           0.0031532,            0.009611,            0.009611,            0.009611
                  42,            0.033609,            0.019141,           0.0052355,             0.90743,             0.80107,              0.8915,             0.51512,            0.034931,            0.012125,           0.0038815,           0.0095916,           0.0095916,           0.0095916
                  43,            0.033791,             0.01886,           0.0054085,             0.83631,             0.85306,             0.88831,             0.50735,            0.034922,            0.012386,           0.0032133,           0.0095717,           0.0095717,           0.0095717
                  44,            0.033585,            0.018922,           0.0050288,             0.94231,             0.76484,             0.88923,             0.50131,            0.035867,            0.011947,           0.0043625,           0.0095514,           0.0095514,           0.0095514
                  45,            0.033898,            0.019152,           0.0050676,             0.89472,              0.8223,              0.8919,             0.50485,             0.03512,            0.011891,           0.0035439,           0.0095307,           0.0095307,           0.0095307
                  46,             0.03248,            0.018399,           0.0047928,             0.88247,             0.75402,             0.85747,             0.49043,            0.035757,            0.012259,           0.0049114,           0.0095095,           0.0095095,           0.0095095
                  47,            0.032828,            0.018408,           0.0050785,             0.88514,             0.78857,             0.88122,             0.50625,            0.036005,            0.012115,           0.0046708,           0.0094879,           0.0094879,           0.0094879
                  48,            0.032936,             0.01779,           0.0045344,             0.89623,             0.77644,             0.86518,             0.50054,            0.035076,            0.012156,           0.0041859,           0.0094659,           0.0094659,           0.0094659
                  49,              0.0328,            0.018281,           0.0050042,             0.86487,             0.77143,             0.85394,             0.49391,             0.03534,            0.012371,           0.0049123,           0.0094434,           0.0094434,           0.0094434
                  50,            0.032474,            0.018127,           0.0046324,             0.85788,             0.84659,             0.89499,             0.52475,            0.034303,            0.011809,           0.0037587,           0.0094205,           0.0094205,           0.0094205
                  51,            0.032778,            0.018605,           0.0049164,             0.85798,             0.86106,             0.89762,             0.52081,            0.033976,            0.011966,           0.0036893,           0.0093971,           0.0093971,           0.0093971
                  52,             0.03257,            0.018217,           0.0046736,              0.8796,             0.82579,             0.88154,             0.50355,            0.034613,             0.01221,           0.0043089,           0.0093733,           0.0093733,           0.0093733
                  53,            0.031991,            0.018469,           0.0046631,             0.91716,             0.81155,             0.88464,             0.50676,            0.036038,            0.011868,           0.0032905,           0.0093491,           0.0093491,           0.0093491
                  54,            0.031994,            0.018183,           0.0047864,             0.89272,             0.80113,             0.87884,               0.532,            0.034278,            0.011743,           0.0040786,           0.0093245,           0.0093245,           0.0093245
                  55,            0.031533,            0.017735,           0.0043815,             0.91085,             0.80527,             0.89827,             0.51547,            0.034794,            0.011968,           0.0034481,           0.0092995,           0.0092995,           0.0092995
                  56,            0.031881,            0.017638,           0.0046817,             0.89595,             0.84006,             0.89677,             0.53221,            0.034872,            0.011441,           0.0029423,            0.009274,            0.009274,            0.009274
                  57,            0.031358,            0.018095,           0.0046273,             0.91552,             0.78577,             0.89156,             0.51888,            0.034291,            0.011972,           0.0033166,           0.0092481,           0.0092481,           0.0092481
                  58,            0.031998,            0.017877,           0.0043847,             0.90682,             0.79737,             0.87143,             0.50704,            0.035229,            0.011865,           0.0033131,           0.0092219,           0.0092219,           0.0092219
                  59,            0.031381,            0.017775,           0.0040716,             0.88924,             0.81945,             0.89851,             0.52794,            0.033854,            0.011583,           0.0033528,           0.0091952,           0.0091952,           0.0091952
                  60,            0.030774,            0.017516,           0.0044154,             0.87376,             0.83087,             0.88833,             0.53336,            0.034342,            0.011778,           0.0040328,           0.0091681,           0.0091681,           0.0091681
                  61,            0.030056,            0.016698,           0.0042658,             0.89937,             0.82015,             0.88915,             0.53534,            0.034462,            0.011644,           0.0031352,           0.0091406,           0.0091406,           0.0091406
                  62,            0.031044,            0.017356,           0.0045581,             0.89087,             0.83642,             0.90794,             0.54317,            0.034146,            0.011189,           0.0035922,           0.0091127,           0.0091127,           0.0091127
                  63,             0.03097,            0.017573,           0.0043494,             0.86659,             0.81482,             0.88195,             0.48623,            0.037265,             0.01156,           0.0047642,           0.0090844,           0.0090844,           0.0090844
                  64,            0.030856,            0.017654,           0.0042046,             0.92532,             0.83541,             0.91113,             0.54417,            0.033772,            0.011542,           0.0037982,           0.0090557,           0.0090557,           0.0090557
                  65,            0.031017,            0.016914,           0.0044785,             0.89596,             0.82385,             0.90473,             0.52662,            0.033889,            0.011616,           0.0029383,           0.0090266,           0.0090266,           0.0090266
                  66,            0.030443,            0.017171,           0.0043966,             0.94682,             0.76696,             0.87789,             0.50893,             0.03481,            0.011938,           0.0048501,           0.0089972,           0.0089972,           0.0089972
                  67,            0.030867,            0.017936,           0.0039871,             0.86725,             0.84299,             0.88052,             0.49553,             0.03747,            0.011745,           0.0035101,           0.0089673,           0.0089673,           0.0089673
                  68,             0.03083,            0.016985,           0.0044554,             0.88677,             0.84196,             0.90088,             0.52143,            0.035266,            0.011842,           0.0037346,           0.0089371,           0.0089371,           0.0089371
                  69,            0.030928,             0.01768,           0.0042129,             0.90244,             0.81594,             0.89585,             0.52744,            0.034739,            0.011425,           0.0039459,           0.0089065,           0.0089065,           0.0089065
                  70,            0.030345,            0.016877,            0.003907,              0.8571,             0.87079,             0.90631,             0.54634,            0.033914,            0.011704,           0.0036489,           0.0088755,           0.0088755,           0.0088755
                  71,            0.030043,              0.0168,           0.0037946,             0.91671,             0.80718,             0.90076,             0.54765,            0.033467,            0.011332,           0.0032427,           0.0088442,           0.0088442,           0.0088442
                  72,            0.030407,            0.016957,           0.0040601,             0.89843,             0.82659,               0.908,             0.54672,             0.03359,            0.011476,           0.0034864,           0.0088124,           0.0088124,           0.0088124
                  73,            0.030011,            0.017201,           0.0041257,             0.92374,             0.77739,             0.89984,             0.53411,            0.034547,            0.011607,           0.0043885,           0.0087804,           0.0087804,           0.0087804
                  74,            0.030813,            0.017244,           0.0041951,             0.86626,             0.85033,             0.90136,             0.52961,            0.034221,            0.011548,           0.0030457,           0.0087479,           0.0087479,           0.0087479
                  75,            0.029831,            0.017019,           0.0038402,             0.87809,             0.85514,             0.91027,             0.55348,            0.032459,            0.011335,           0.0031075,           0.0087151,           0.0087151,           0.0087151
                  76,            0.029738,             0.01654,           0.0039126,             0.87418,             0.85236,             0.90034,             0.54736,            0.034403,            0.011334,           0.0035835,            0.008682,            0.008682,            0.008682
                  77,             0.02958,            0.016849,           0.0039261,              0.9232,             0.81896,             0.90351,             0.55436,            0.033225,            0.011341,           0.0030562,           0.0086485,           0.0086485,           0.0086485
                  78,            0.029524,            0.016853,           0.0041392,             0.87705,             0.84616,             0.89223,             0.51835,            0.034548,            0.011698,           0.0044893,           0.0086146,           0.0086146,           0.0086146
                  79,            0.029537,            0.016859,           0.0040175,             0.88913,             0.84875,              0.8988,             0.55159,            0.033673,            0.011424,           0.0034071,           0.0085805,           0.0085805,           0.0085805
                  80,            0.029343,            0.016315,           0.0040359,             0.88323,             0.86102,             0.89811,             0.54371,            0.033572,            0.011385,           0.0036469,           0.0085459,           0.0085459,           0.0085459
                  81,             0.02968,             0.01647,           0.0036358,             0.88487,              0.8473,             0.90025,             0.55214,            0.032819,            0.011372,           0.0037946,           0.0085111,           0.0085111,           0.0085111
                  82,            0.029862,             0.01694,           0.0038502,             0.92151,             0.81365,             0.87256,             0.51968,            0.034764,             0.01122,           0.0044071,           0.0084759,           0.0084759,           0.0084759
                  83,            0.029707,            0.016843,           0.0039811,             0.90679,             0.84353,             0.89644,             0.55041,            0.034171,            0.011323,           0.0036505,           0.0084404,           0.0084404,           0.0084404
                  84,            0.028886,             0.01591,           0.0039917,             0.89273,             0.86113,              0.9069,              0.5526,            0.033138,            0.011307,           0.0034522,           0.0084046,           0.0084046,           0.0084046
                  85,            0.029474,             0.01706,            0.003818,              0.9394,             0.82715,             0.90356,             0.54857,            0.033525,            0.011431,            0.003239,           0.0083684,           0.0083684,           0.0083684
                  86,            0.029076,            0.016277,           0.0036111,             0.91156,             0.82385,             0.89876,             0.54605,            0.033644,            0.011413,           0.0039814,           0.0083319,           0.0083319,           0.0083319
                  87,             0.02853,            0.016333,           0.0040046,             0.87215,             0.86394,             0.90655,             0.53972,            0.033673,            0.011525,           0.0029399,           0.0082952,           0.0082952,           0.0082952
                  88,            0.028475,             0.01575,           0.0035463,             0.89039,              0.8345,             0.87935,             0.51244,            0.035944,            0.011544,           0.0039005,           0.0082581,           0.0082581,           0.0082581
                  89,            0.028998,            0.016481,              0.0035,             0.88534,             0.85718,             0.90636,             0.56245,            0.032854,            0.011303,           0.0032743,           0.0082207,           0.0082207,           0.0082207
                  90,             0.02892,            0.016587,           0.0037509,             0.92785,             0.81237,             0.90009,             0.55312,            0.032916,            0.011313,           0.0034376,            0.008183,            0.008183,            0.008183
                  91,            0.028858,            0.016382,           0.0038134,             0.90999,             0.83983,             0.91614,             0.55332,            0.032544,            0.011396,           0.0032299,            0.008145,            0.008145,            0.008145
                  92,            0.027545,            0.015998,           0.0036882,             0.90178,             0.85038,             0.90947,             0.56136,            0.032971,             0.01109,           0.0034264,           0.0081068,           0.0081068,           0.0081068
                  93,            0.027844,            0.015876,           0.0036557,             0.89453,             0.87357,             0.92235,             0.55524,            0.032803,            0.011049,           0.0023471,           0.0080682,           0.0080682,           0.0080682
                  94,             0.02834,            0.016027,           0.0037078,             0.90128,             0.83203,             0.90805,             0.54988,            0.032541,            0.011179,           0.0038957,           0.0080294,           0.0080294,           0.0080294
                  95,            0.027783,             0.01599,            0.003697,             0.89883,             0.83632,             0.90126,             0.55497,            0.033321,             0.01132,           0.0036278,           0.0079903,           0.0079903,           0.0079903
                  96,            0.028524,            0.016026,           0.0034653,             0.91631,              0.8329,             0.90997,             0.55164,            0.033756,            0.011138,           0.0036707,           0.0079509,           0.0079509,           0.0079509
                  97,            0.027662,            0.015922,           0.0034054,              0.9011,             0.84592,              0.9054,             0.53901,            0.034873,            0.011295,            0.003406,           0.0079112,           0.0079112,           0.0079112
                  98,            0.028409,            0.016083,           0.0036539,             0.88457,             0.86339,             0.90601,             0.55357,            0.033931,            0.011293,           0.0039969,           0.0078713,           0.0078713,           0.0078713
                  99,            0.028588,            0.015847,           0.0035019,             0.90507,             0.84801,             0.90725,             0.56257,            0.033372,             0.01123,           0.0034547,           0.0078311,           0.0078311,           0.0078311
                 100,            0.027866,            0.015922,            0.003392,             0.87219,             0.88406,             0.91446,             0.55622,             0.03304,            0.011243,           0.0028143,           0.0077907,           0.0077907,           0.0077907
                 101,            0.027901,            0.015409,           0.0035295,             0.91779,             0.83798,             0.91183,             0.54068,            0.033866,            0.011168,           0.0028433,             0.00775,             0.00775,             0.00775
                 102,            0.028094,            0.015514,            0.003436,             0.89316,             0.87171,             0.91958,             0.57151,            0.032183,             0.01126,           0.0023535,           0.0077091,           0.0077091,           0.0077091
                 103,            0.028242,            0.015844,           0.0034237,             0.91748,             0.85565,             0.92085,              0.5475,            0.033823,            0.011153,           0.0030373,           0.0076679,           0.0076679,           0.0076679
                 104,            0.028066,            0.015877,           0.0034713,             0.87422,             0.89196,             0.91324,             0.55209,            0.032845,             0.01117,           0.0033189,           0.0076265,           0.0076265,           0.0076265
                 105,            0.027497,            0.015421,           0.0035627,             0.89939,              0.8398,             0.91156,             0.54646,             0.03339,            0.011111,           0.0032236,           0.0075848,           0.0075848,           0.0075848
                 106,            0.027612,            0.015774,           0.0033237,             0.90831,             0.86036,             0.91739,             0.54426,            0.033605,            0.011206,           0.0036162,            0.007543,            0.007543,            0.007543
                 107,            0.026385,            0.014979,            0.003495,             0.94545,             0.81349,             0.90925,              0.5576,            0.033153,            0.010987,           0.0031465,           0.0075009,           0.0075009,           0.0075009
                 108,            0.027821,            0.016018,           0.0036257,             0.92944,             0.84539,             0.92443,              0.5579,            0.032923,             0.01067,           0.0033404,           0.0074585,           0.0074585,           0.0074585
                 109,             0.02727,            0.015572,           0.0033216,             0.87313,             0.85434,             0.89853,             0.54668,            0.034211,            0.010935,           0.0042541,            0.007416,            0.007416,            0.007416
                 110,            0.027392,            0.015257,            0.003742,             0.92151,             0.83058,             0.90233,             0.54994,            0.033678,            0.011219,           0.0042035,           0.0073733,           0.0073733,           0.0073733
                 111,            0.026714,            0.015056,           0.0035032,             0.90173,             0.85508,             0.91715,             0.55589,            0.033428,             0.01107,           0.0033517,           0.0073303,           0.0073303,           0.0073303
                 112,            0.027309,            0.015004,           0.0032905,             0.90826,             0.87093,             0.92403,             0.55503,            0.033555,            0.010959,           0.0031857,           0.0072872,           0.0072872,           0.0072872
                 113,            0.026868,            0.015173,           0.0033701,             0.89755,             0.86252,             0.91779,             0.56792,             0.03277,            0.011074,           0.0037312,           0.0072438,           0.0072438,           0.0072438
                 114,            0.027064,            0.015308,           0.0031351,             0.93787,             0.83375,             0.91755,             0.56842,            0.032522,            0.011425,           0.0029492,           0.0072003,           0.0072003,           0.0072003
                 115,            0.026663,            0.015314,           0.0035342,             0.92285,             0.85788,             0.91704,             0.56033,             0.03313,            0.011145,           0.0035008,           0.0071566,           0.0071566,           0.0071566
                 116,            0.027402,            0.015458,           0.0033315,             0.90059,             0.88562,             0.91958,             0.56584,            0.032822,            0.010898,           0.0030327,           0.0071127,           0.0071127,           0.0071127
                 117,            0.027129,            0.015406,           0.0029541,             0.92594,             0.83519,             0.91211,             0.56173,            0.032252,            0.010911,           0.0034408,           0.0070686,           0.0070686,           0.0070686
                 118,            0.026981,            0.015143,           0.0032988,             0.93803,             0.82045,             0.91564,             0.56149,            0.032117,            0.011116,           0.0031047,           0.0070243,           0.0070243,           0.0070243
                 119,            0.026151,            0.014818,           0.0032121,             0.92854,              0.8504,             0.92073,             0.57258,            0.031932,            0.010949,           0.0030241,           0.0069799,           0.0069799,           0.0069799
                 120,            0.027583,             0.01586,           0.0034724,             0.89041,             0.87567,             0.92018,             0.56769,            0.032539,            0.011027,            0.002778,           0.0069353,           0.0069353,           0.0069353
                 121,            0.026544,            0.014696,           0.0030055,             0.89066,             0.86714,             0.91714,             0.57621,            0.031538,            0.010794,           0.0030043,           0.0068906,           0.0068906,           0.0068906
                 122,            0.026667,            0.014883,           0.0031641,             0.93525,             0.83906,             0.91317,             0.56011,            0.032849,            0.011055,           0.0034136,           0.0068457,           0.0068457,           0.0068457
                 123,            0.026427,            0.014868,           0.0033251,             0.87614,             0.86177,             0.91576,             0.57465,             0.03219,            0.011021,           0.0035539,           0.0068006,           0.0068006,           0.0068006
                 124,            0.026354,            0.014845,           0.0029077,             0.92078,             0.84039,             0.91356,             0.55588,             0.03306,            0.011041,           0.0035252,           0.0067555,           0.0067555,           0.0067555
                 125,            0.026412,            0.015185,           0.0032174,             0.92967,             0.82284,              0.9087,             0.56912,             0.03231,            0.010918,           0.0034868,           0.0067101,           0.0067101,           0.0067101
                 126,            0.026559,            0.014967,           0.0031079,             0.90698,             0.87446,             0.92291,             0.57095,            0.032204,            0.010728,           0.0027911,           0.0066647,           0.0066647,           0.0066647
                 127,            0.026193,            0.015542,           0.0035448,             0.93239,             0.84726,              0.9286,             0.56471,            0.032371,            0.010888,            0.002766,           0.0066191,           0.0066191,           0.0066191
                 128,             0.02602,            0.014829,           0.0028128,             0.93289,             0.85351,             0.92269,             0.55791,              0.0331,            0.011042,           0.0031882,           0.0065734,           0.0065734,           0.0065734
                 129,            0.025721,            0.015271,           0.0032165,             0.93076,             0.82263,             0.92208,             0.56688,             0.03251,            0.010722,           0.0037291,           0.0065276,           0.0065276,           0.0065276
                 130,            0.026041,            0.015099,           0.0032307,             0.93066,              0.8433,             0.92444,             0.57684,            0.031973,            0.010911,           0.0030438,           0.0064816,           0.0064816,           0.0064816
                 131,            0.025761,             0.01478,           0.0030508,             0.92906,             0.85534,             0.93105,             0.58304,            0.031413,            0.011007,            0.002929,           0.0064356,           0.0064356,           0.0064356
                 132,            0.026252,            0.015038,            0.003154,             0.90723,             0.86257,             0.92166,             0.58076,            0.030921,             0.01078,           0.0036187,           0.0063895,           0.0063895,           0.0063895
                 133,            0.025393,            0.014232,           0.0027752,             0.88034,             0.86252,             0.91598,             0.56603,            0.031959,            0.011008,           0.0029822,           0.0063432,           0.0063432,           0.0063432
                 134,            0.025956,             0.01485,           0.0032456,             0.90643,             0.84515,             0.91504,             0.55623,            0.033087,            0.010729,           0.0043405,           0.0062969,           0.0062969,           0.0062969
                 135,            0.025703,            0.014901,           0.0029507,             0.90567,             0.87088,             0.92923,             0.58495,            0.031819,            0.010594,             0.00306,           0.0062505,           0.0062505,           0.0062505
                 136,            0.025563,            0.015236,           0.0031066,             0.94204,             0.83828,             0.91762,             0.57158,             0.03204,            0.010768,           0.0029769,            0.006204,            0.006204,            0.006204
                 137,            0.025265,            0.014428,            0.002999,             0.90606,             0.87311,              0.9216,             0.57273,            0.032192,            0.010819,           0.0029604,           0.0061574,           0.0061574,           0.0061574
                 138,              0.0255,            0.014993,           0.0028841,             0.93365,             0.85554,             0.91671,             0.56778,            0.032181,            0.010812,           0.0029872,           0.0061107,           0.0061107,           0.0061107
                 139,            0.025948,            0.014703,           0.0031298,             0.94826,             0.83882,             0.91506,              0.5706,            0.032621,            0.010977,           0.0027287,            0.006064,            0.006064,            0.006064
                 140,            0.025043,            0.014589,           0.0030721,             0.92487,             0.84747,             0.91053,             0.57034,            0.032636,              0.0108,           0.0030884,           0.0060172,           0.0060172,           0.0060172
                 141,            0.025794,            0.014794,           0.0031079,             0.88723,             0.85667,              0.9116,             0.57278,            0.032635,            0.010724,           0.0030874,           0.0059704,           0.0059704,           0.0059704
                 142,            0.025416,            0.014713,           0.0030439,             0.88314,             0.86348,             0.91561,             0.56934,            0.032473,            0.010914,           0.0032482,           0.0059235,           0.0059235,           0.0059235
                 143,            0.024855,             0.01455,           0.0031401,             0.90607,             0.85072,             0.92337,             0.57708,            0.032307,            0.010749,           0.0030161,           0.0058766,           0.0058766,           0.0058766
                 144,            0.025237,            0.014446,           0.0029044,             0.90246,             0.88658,             0.92453,             0.58372,             0.03146,              0.0108,           0.0025896,           0.0058296,           0.0058296,           0.0058296
                 145,            0.025039,            0.014069,           0.0029644,             0.93601,             0.85225,             0.91503,             0.58156,            0.031755,            0.010698,           0.0031226,           0.0057826,           0.0057826,           0.0057826
                 146,            0.025485,            0.014442,           0.0029668,             0.92881,             0.85326,             0.92062,             0.56929,            0.032174,            0.010746,           0.0028473,           0.0057355,           0.0057355,           0.0057355
                 147,             0.02553,            0.014377,           0.0028755,               0.915,             0.85784,             0.91787,             0.57457,            0.032101,            0.010601,           0.0025697,           0.0056884,           0.0056884,           0.0056884
                 148,            0.024921,            0.014508,           0.0028316,             0.90941,               0.867,             0.91658,             0.56751,            0.032715,             0.01067,           0.0025935,           0.0056413,           0.0056413,           0.0056413
                 149,            0.024656,            0.014276,           0.0028883,             0.91735,             0.83435,             0.90817,             0.57253,            0.032517,            0.010723,           0.0030704,           0.0055942,           0.0055942,           0.0055942
                 150,            0.025043,            0.014763,           0.0031581,             0.89439,             0.87456,             0.92485,             0.57335,            0.032333,            0.010657,           0.0030244,           0.0055471,           0.0055471,           0.0055471
                 151,            0.025199,            0.014446,           0.0031026,             0.89231,             0.87904,             0.92426,             0.56834,            0.032472,            0.010675,           0.0030708,              0.0055,              0.0055,              0.0055
                 152,            0.024793,            0.014731,           0.0029663,             0.89927,             0.86752,             0.92329,             0.57753,            0.031815,             0.01068,           0.0025199,           0.0054529,           0.0054529,           0.0054529
                 153,            0.024604,            0.014224,           0.0029737,             0.94993,             0.80504,             0.91231,             0.58414,            0.031489,            0.010783,           0.0029512,           0.0054058,           0.0054058,           0.0054058
                 154,              0.0243,            0.014217,           0.0028638,             0.94473,             0.84756,             0.92072,             0.57047,            0.032354,            0.010563,           0.0028133,           0.0053587,           0.0053587,           0.0053587
                 155,            0.024663,            0.014603,           0.0027732,             0.89719,              0.8783,             0.92589,             0.58019,            0.032044,            0.010786,           0.0025906,           0.0053116,           0.0053116,           0.0053116
                 156,            0.024646,            0.014409,           0.0028865,             0.89683,             0.87642,             0.92227,             0.57115,            0.032287,            0.010934,           0.0027108,           0.0052645,           0.0052645,           0.0052645
                 157,            0.024458,            0.014314,           0.0028249,             0.88801,             0.86645,             0.91973,             0.58517,            0.031493,            0.010867,            0.003325,           0.0052174,           0.0052174,           0.0052174
                 158,            0.024152,            0.014086,           0.0025963,             0.93157,             0.80774,             0.90558,             0.56696,            0.032548,            0.010973,           0.0035392,           0.0051704,           0.0051704,           0.0051704
                 159,            0.024349,            0.014245,           0.0028004,             0.92084,             0.83003,             0.91448,             0.57111,            0.032459,            0.010886,           0.0026981,           0.0051234,           0.0051234,           0.0051234
                 160,            0.024402,             0.01393,           0.0027875,             0.89297,             0.86971,             0.91514,             0.57254,            0.032118,             0.01107,           0.0027935,           0.0050765,           0.0050765,           0.0050765
                 161,            0.025117,            0.014342,           0.0029906,             0.94225,             0.81716,             0.91764,             0.56786,            0.032294,            0.010994,           0.0029003,           0.0050296,           0.0050296,           0.0050296
                 162,            0.024941,            0.014587,           0.0026883,             0.93763,             0.83006,              0.9177,             0.57599,            0.031602,            0.010947,           0.0026955,           0.0049828,           0.0049828,           0.0049828
                 163,            0.023898,            0.013965,           0.0027456,             0.90663,             0.83566,             0.91156,              0.5673,            0.032221,            0.011119,            0.003101,            0.004936,            0.004936,            0.004936
                 164,            0.024341,            0.014212,           0.0026771,             0.89114,             0.87726,             0.91917,              0.5646,             0.03214,            0.011139,           0.0032134,           0.0048893,           0.0048893,           0.0048893
                 165,            0.024662,            0.014614,           0.0025966,              0.8937,             0.86283,             0.91758,             0.57138,            0.032051,             0.01084,            0.003481,           0.0048426,           0.0048426,           0.0048426
                 166,            0.024027,            0.014483,           0.0025871,             0.90646,             0.85547,             0.91434,             0.55428,            0.033204,             0.01091,           0.0028271,            0.004796,            0.004796,            0.004796
                 167,             0.02434,            0.013848,           0.0027248,             0.93166,             0.84024,             0.92263,             0.56855,            0.032369,            0.010888,           0.0022424,           0.0047495,           0.0047495,           0.0047495
                 168,            0.023881,            0.013456,           0.0026776,             0.91678,             0.86026,             0.91867,             0.56252,            0.032342,            0.010889,           0.0026227,           0.0047031,           0.0047031,           0.0047031
                 169,             0.02371,            0.013893,            0.002642,             0.91672,             0.86395,             0.91871,              0.5715,            0.031616,            0.010921,           0.0026919,           0.0046568,           0.0046568,           0.0046568
                 170,            0.023736,             0.01362,           0.0025167,             0.90718,             0.86669,             0.91698,             0.58088,            0.031278,            0.010713,           0.0027147,           0.0046105,           0.0046105,           0.0046105
                 171,            0.023184,            0.013568,           0.0028587,              0.9061,             0.85613,             0.90715,              0.5674,            0.032089,            0.010942,           0.0033662,           0.0045644,           0.0045644,           0.0045644
                 172,            0.024025,            0.013915,           0.0026638,             0.92675,             0.83641,             0.91328,             0.56191,            0.032467,            0.010883,           0.0027515,           0.0045184,           0.0045184,           0.0045184
                 173,            0.023881,            0.013912,           0.0027519,             0.92677,             0.84353,             0.91436,              0.5657,            0.032208,            0.010824,           0.0031649,           0.0044724,           0.0044724,           0.0044724
                 174,            0.024063,            0.014136,           0.0026036,             0.90911,             0.84741,             0.91256,             0.56468,            0.032242,            0.010952,           0.0025266,           0.0044266,           0.0044266,           0.0044266
                 175,            0.023474,            0.013486,            0.002598,             0.90668,             0.86046,              0.9136,             0.57245,            0.031669,            0.010908,           0.0032486,           0.0043809,           0.0043809,           0.0043809
                 176,            0.023527,            0.014172,           0.0024854,             0.91072,             0.85563,             0.91917,             0.57165,             0.03174,            0.010975,           0.0032379,           0.0043353,           0.0043353,           0.0043353
                 177,            0.023654,            0.013227,           0.0027926,             0.92391,             0.84405,             0.91626,             0.57264,            0.031793,            0.010962,           0.0032776,           0.0042899,           0.0042899,           0.0042899
                 178,            0.023882,            0.013759,           0.0027122,             0.91833,             0.86634,               0.921,              0.5816,            0.031787,            0.010772,            0.003047,           0.0042445,           0.0042445,           0.0042445
                 179,             0.02365,            0.013597,           0.0024897,             0.94918,             0.84188,             0.91845,              0.5706,            0.031676,            0.010839,           0.0031059,           0.0041994,           0.0041994,           0.0041994
                 180,            0.023352,            0.013557,           0.0025673,             0.93204,             0.85511,             0.91775,             0.56778,            0.031741,            0.010761,           0.0025973,           0.0041543,           0.0041543,           0.0041543
                 181,            0.022924,            0.013392,           0.0026085,             0.95816,             0.82438,             0.92113,             0.57892,            0.031459,            0.010753,           0.0023619,           0.0041094,           0.0041094,           0.0041094
                 182,            0.023368,            0.014433,           0.0026489,             0.94101,             0.84431,             0.92278,             0.57864,            0.031783,            0.010736,           0.0025621,           0.0040647,           0.0040647,           0.0040647
                 183,            0.023816,            0.014064,           0.0025777,             0.91873,             0.85661,             0.91846,             0.57733,            0.031646,            0.010719,            0.002929,           0.0040201,           0.0040201,           0.0040201
                 184,             0.02344,            0.013732,           0.0023913,             0.92875,             0.83423,             0.90961,             0.57266,            0.031761,            0.010722,           0.0028932,           0.0039757,           0.0039757,           0.0039757
                 185,            0.023427,            0.013555,           0.0023633,             0.92642,             0.84308,              0.9182,             0.57557,            0.031463,            0.010689,           0.0027179,           0.0039314,           0.0039314,           0.0039314
                 186,            0.023822,            0.014208,           0.0025493,             0.92257,             0.86339,             0.92794,             0.58084,            0.031406,             0.01074,           0.0028595,           0.0038873,           0.0038873,           0.0038873
                 187,            0.022823,            0.013262,           0.0025975,             0.91693,             0.86172,             0.92097,             0.57358,            0.031717,            0.010816,           0.0030533,           0.0038434,           0.0038434,           0.0038434
                 188,            0.023422,            0.013615,           0.0027262,             0.92984,             0.84986,              0.9212,             0.57889,            0.031589,            0.010756,           0.0031424,           0.0037997,           0.0037997,           0.0037997
                 189,            0.023688,            0.013726,           0.0025887,             0.94044,             0.83509,             0.91781,             0.57185,            0.032258,            0.010839,           0.0028086,           0.0037562,           0.0037562,           0.0037562
                 190,            0.022634,            0.013407,           0.0024659,             0.92717,             0.84346,             0.91532,             0.58389,            0.031691,             0.01074,           0.0031244,           0.0037128,           0.0037128,           0.0037128
                 191,            0.022506,              0.0133,           0.0023051,             0.91492,             0.85789,             0.91989,              0.5809,            0.032055,             0.01067,           0.0032444,           0.0036697,           0.0036697,           0.0036697
                 192,            0.023027,            0.013116,           0.0026447,             0.93534,             0.83889,             0.91576,             0.58198,            0.031871,            0.010685,           0.0033621,           0.0036267,           0.0036267,           0.0036267
                 193,            0.023217,            0.013852,           0.0024981,             0.91572,             0.85171,             0.91783,             0.58812,            0.031155,            0.010737,           0.0031001,            0.003584,            0.003584,            0.003584
                 194,            0.022576,            0.013664,           0.0024929,             0.93583,             0.83633,             0.90648,             0.57137,            0.032196,            0.010768,           0.0037495,           0.0035415,           0.0035415,           0.0035415
                 195,            0.022902,            0.013564,           0.0024036,             0.92366,             0.84137,             0.91459,             0.57378,            0.031655,            0.010755,            0.003863,           0.0034991,           0.0034991,           0.0034991
                 196,            0.023068,            0.013453,           0.0024054,             0.91003,             0.85349,             0.91304,             0.57295,            0.031626,            0.010706,           0.0037171,            0.003457,            0.003457,            0.003457
                 197,            0.023328,              0.0137,            0.002389,             0.94328,             0.82778,             0.91728,             0.57569,            0.031525,             0.01064,           0.0036344,           0.0034152,           0.0034152,           0.0034152
                 198,            0.022428,            0.012884,           0.0022538,             0.93982,              0.8548,             0.92476,             0.58171,            0.031257,            0.010583,           0.0034631,           0.0033735,           0.0033735,           0.0033735
                 199,            0.022332,            0.013291,            0.002336,              0.9317,              0.8362,             0.91592,             0.57412,             0.03207,            0.010611,           0.0036782,           0.0033321,           0.0033321,           0.0033321
                 200,            0.022828,            0.012978,           0.0023267,             0.93617,              0.8575,             0.92541,             0.57694,             0.03197,            0.010605,           0.0033726,           0.0032909,           0.0032909,           0.0032909
                 201,            0.021962,            0.013043,           0.0021072,             0.94501,              0.8433,             0.92283,             0.58389,            0.031598,            0.010542,           0.0033436,             0.00325,             0.00325,             0.00325
                 202,            0.023053,            0.013225,           0.0022801,             0.92585,              0.8504,             0.92394,             0.58437,            0.031643,            0.010676,           0.0032842,           0.0032093,           0.0032093,           0.0032093
                 203,            0.022415,            0.012826,           0.0023608,             0.91532,             0.84909,             0.92365,             0.57987,            0.031503,            0.010614,           0.0034184,           0.0031689,           0.0031689,           0.0031689
                 204,            0.023216,            0.013866,           0.0022618,             0.93149,             0.84515,             0.92229,             0.57913,            0.031654,            0.010637,            0.003343,           0.0031287,           0.0031287,           0.0031287
                 205,            0.022082,            0.012947,           0.0022585,             0.92099,             0.84145,             0.91471,             0.57743,            0.031534,            0.010735,           0.0034152,           0.0030888,           0.0030888,           0.0030888
                 206,            0.022923,            0.013726,             0.00232,             0.93622,              0.8244,             0.90941,             0.57313,            0.031814,            0.010846,           0.0032439,           0.0030491,           0.0030491,           0.0030491
                 207,             0.02215,            0.012692,           0.0023122,             0.94054,             0.82484,             0.91575,             0.57799,            0.031554,            0.010838,           0.0030386,           0.0030097,           0.0030097,           0.0030097
                 208,            0.022019,            0.012981,           0.0023835,             0.92564,             0.83275,             0.91877,              0.5828,            0.031383,            0.010831,           0.0027317,           0.0029706,           0.0029706,           0.0029706
                 209,            0.021953,            0.013417,           0.0022222,             0.93023,             0.82773,             0.91395,             0.57399,            0.031847,            0.010773,           0.0028191,           0.0029318,           0.0029318,           0.0029318
                 210,            0.022195,            0.013234,           0.0024424,             0.95768,             0.82206,             0.92139,              0.5817,            0.031377,            0.010693,           0.0028353,           0.0028932,           0.0028932,           0.0028932
                 211,            0.021772,            0.012353,           0.0022492,             0.91084,             0.84986,             0.90947,             0.57736,            0.031933,            0.010772,           0.0031233,            0.002855,            0.002855,            0.002855
                 212,            0.022227,            0.012963,           0.0023867,             0.97006,             0.80053,              0.9103,             0.57299,            0.032035,            0.010964,           0.0035529,            0.002817,            0.002817,            0.002817
                 213,            0.022278,            0.013137,           0.0022635,             0.90223,             0.85565,             0.91306,             0.57212,            0.032006,            0.010996,           0.0032647,           0.0027793,           0.0027793,           0.0027793
                 214,            0.022045,            0.013121,           0.0024391,             0.92617,             0.84576,             0.91986,             0.58151,            0.031764,            0.010868,           0.0030128,           0.0027419,           0.0027419,           0.0027419
                 215,            0.022159,            0.013094,           0.0022383,             0.92102,             0.84444,             0.91864,             0.58394,            0.031383,            0.010679,           0.0031628,           0.0027048,           0.0027048,           0.0027048
                 216,            0.022243,            0.012973,           0.0022021,             0.94244,             0.82932,             0.92096,             0.58556,            0.031048,             0.01066,           0.0032611,           0.0026681,           0.0026681,           0.0026681
                 217,             0.02252,            0.013336,           0.0023846,             0.96593,             0.81887,             0.92095,               0.585,            0.031174,             0.01073,           0.0031755,           0.0026316,           0.0026316,           0.0026316
                 218,            0.021819,            0.012755,           0.0022813,             0.96275,             0.80456,             0.91815,             0.58855,            0.030839,            0.010833,           0.0032994,           0.0025954,           0.0025954,           0.0025954
                 219,            0.022413,            0.013291,           0.0022374,             0.89639,             0.87545,             0.92131,              0.5837,            0.031145,            0.010927,           0.0031782,           0.0025596,           0.0025596,           0.0025596
                 220,            0.022089,            0.012656,           0.0022635,             0.96023,             0.81466,             0.91593,             0.58309,            0.031354,            0.010995,           0.0032356,           0.0025241,           0.0025241,           0.0025241
                 221,            0.022338,            0.013213,            0.002299,             0.95383,             0.81335,             0.91976,             0.58828,            0.030957,            0.010876,           0.0034475,           0.0024889,           0.0024889,           0.0024889
                 222,            0.022113,             0.01306,           0.0021128,             0.92506,             0.84122,             0.91917,             0.58504,            0.031274,            0.010865,           0.0032652,           0.0024541,           0.0024541,           0.0024541
                 223,            0.022333,            0.012941,           0.0022215,             0.92991,             0.84467,             0.91875,              0.5821,             0.03151,            0.010986,           0.0030555,           0.0024195,           0.0024195,           0.0024195
                 224,            0.021929,            0.012941,           0.0020953,             0.93251,             0.84032,             0.91996,             0.58477,            0.031265,             0.01087,           0.0031544,           0.0023854,           0.0023854,           0.0023854
                 225,            0.021445,            0.012352,           0.0021398,             0.89793,             0.86461,             0.92027,             0.58582,            0.031288,            0.010864,            0.003282,           0.0023515,           0.0023515,           0.0023515
                 226,            0.021495,            0.012897,           0.0021254,             0.95171,             0.82572,             0.91959,             0.58348,            0.031225,            0.010857,           0.0030264,            0.002318,            0.002318,            0.002318
                 227,            0.022753,            0.012989,           0.0022231,             0.94553,             0.82891,             0.91853,             0.58571,            0.031227,            0.010811,           0.0029854,           0.0022849,           0.0022849,           0.0022849
                 228,            0.021725,            0.012798,           0.0022648,             0.94025,             0.84125,             0.91774,             0.58892,             0.03125,            0.010831,           0.0029033,           0.0022521,           0.0022521,           0.0022521
                 229,            0.021843,            0.013013,           0.0020887,             0.94009,             0.84122,             0.91858,             0.58458,            0.031378,            0.010837,           0.0030426,           0.0022196,           0.0022196,           0.0022196
                 230,            0.021955,            0.012506,           0.0019749,             0.93925,             0.84249,             0.92045,             0.58106,            0.031521,            0.010942,           0.0030087,           0.0021876,           0.0021876,           0.0021876
                 231,            0.022237,            0.013372,           0.0020961,              0.9357,             0.84608,             0.91851,             0.57906,            0.031559,             0.01103,           0.0028824,           0.0021558,           0.0021558,           0.0021558
                 232,            0.021804,            0.012696,           0.0021863,              0.9411,             0.84514,             0.91643,             0.58227,            0.031342,            0.010956,           0.0028906,           0.0021245,           0.0021245,           0.0021245
                 233,             0.02115,            0.012778,           0.0020544,             0.95841,             0.83389,             0.92306,             0.58947,            0.031223,              0.0109,           0.0029418,           0.0020935,           0.0020935,           0.0020935
                 234,            0.021056,            0.012727,           0.0019418,             0.95749,             0.82556,             0.92033,             0.58589,            0.031299,            0.010891,           0.0029089,           0.0020629,           0.0020629,           0.0020629
                 235,            0.021668,            0.012673,           0.0021486,             0.94151,             0.84569,             0.92208,              0.5889,            0.031417,            0.010971,           0.0030201,           0.0020327,           0.0020327,           0.0020327
                 236,            0.021229,            0.012774,           0.0020482,              0.9291,             0.85148,             0.92011,             0.58322,            0.031582,            0.010996,           0.0028928,           0.0020028,           0.0020028,           0.0020028
                 237,            0.021067,            0.012453,           0.0020968,             0.93316,              0.8433,              0.9162,             0.58467,            0.031445,            0.010929,           0.0030439,           0.0019734,           0.0019734,           0.0019734
                 238,             0.02184,            0.013133,            0.002162,             0.94215,             0.83859,             0.91766,             0.58777,            0.031235,            0.010842,           0.0028994,           0.0019443,           0.0019443,           0.0019443
                 239,            0.021471,            0.012375,           0.0023308,             0.92038,             0.85863,             0.91907,             0.59082,            0.031138,             0.01082,           0.0027828,           0.0019156,           0.0019156,           0.0019156
                 240,            0.021824,             0.01271,           0.0020738,             0.93089,             0.84778,              0.9194,             0.58596,            0.031428,            0.010814,           0.0028166,           0.0018873,           0.0018873,           0.0018873
                 241,            0.021192,            0.012446,           0.0021092,              0.9266,             0.84515,             0.91338,             0.57887,            0.031442,            0.010871,           0.0028598,           0.0018594,           0.0018594,           0.0018594
                 242,            0.021667,            0.013057,           0.0021818,             0.91225,              0.8627,             0.91456,             0.58226,            0.031627,            0.010901,           0.0031158,           0.0018319,           0.0018319,           0.0018319
                 243,            0.021101,            0.012655,           0.0021274,             0.91523,             0.86013,             0.91592,             0.58166,            0.031614,            0.010912,           0.0031454,           0.0018048,           0.0018048,           0.0018048
                 244,            0.021165,            0.012197,           0.0021594,             0.91769,              0.8575,             0.91506,             0.58185,            0.031511,            0.010992,            0.003222,           0.0017781,           0.0017781,           0.0017781
                 245,              0.0214,             0.01265,            0.002163,              0.9227,             0.84606,             0.91615,             0.58106,            0.031676,             0.01102,           0.0030426,           0.0017519,           0.0017519,           0.0017519
                 246,            0.021738,             0.01264,           0.0023126,             0.92101,             0.84282,             0.91458,             0.57905,            0.031586,             0.01107,           0.0029669,            0.001726,            0.001726,            0.001726
                 247,            0.021288,            0.012585,           0.0021071,             0.93176,             0.85541,             0.92408,             0.58533,            0.031427,             0.01109,           0.0029377,           0.0017005,           0.0017005,           0.0017005
                 248,            0.020924,            0.012534,            0.002032,             0.94209,             0.84241,             0.91697,             0.58591,            0.031428,            0.011148,           0.0027444,           0.0016755,           0.0016755,           0.0016755
                 249,            0.020787,            0.012256,           0.0022313,             0.94145,             0.84271,             0.91678,              0.5854,            0.031199,            0.011084,           0.0027569,           0.0016509,           0.0016509,           0.0016509
                 250,            0.021639,            0.012733,           0.0019782,             0.91765,             0.86329,             0.92226,             0.58546,             0.03117,            0.011027,           0.0027107,           0.0016267,           0.0016267,           0.0016267
                 251,            0.020647,            0.012336,           0.0018741,             0.91487,             0.86013,             0.91874,             0.58264,            0.031228,            0.010992,           0.0027379,           0.0016029,           0.0016029,           0.0016029
                 252,            0.021352,            0.012559,           0.0019448,             0.91374,             0.84928,             0.90732,             0.57956,            0.031393,            0.010931,           0.0028143,           0.0015795,           0.0015795,           0.0015795
                 253,            0.021414,            0.012636,           0.0018543,             0.91533,             0.85303,             0.91453,             0.58202,            0.031242,            0.010929,           0.0029108,           0.0015566,           0.0015566,           0.0015566
                 254,            0.021319,            0.012551,           0.0022487,             0.89997,             0.86528,             0.91312,             0.58149,            0.031125,            0.010995,           0.0030309,           0.0015341,           0.0015341,           0.0015341
                 255,             0.02157,            0.012763,           0.0020876,             0.92152,             0.86891,             0.92203,             0.58526,             0.03103,            0.010946,            0.003175,           0.0015121,           0.0015121,           0.0015121
                 256,            0.020939,            0.012335,           0.0019851,             0.91982,             0.86332,             0.92199,             0.58373,            0.031184,            0.010971,           0.0031188,           0.0014905,           0.0014905,           0.0014905
                 257,            0.021007,            0.012786,           0.0022208,             0.92722,             0.85936,             0.91989,             0.58537,            0.030991,            0.010942,           0.0030684,           0.0014693,           0.0014693,           0.0014693
                 258,            0.020994,            0.012073,           0.0021723,             0.92585,             0.85745,             0.91501,               0.583,            0.031391,             0.01101,           0.0029441,           0.0014486,           0.0014486,           0.0014486
                 259,            0.021034,            0.012391,           0.0022156,             0.94445,             0.85066,             0.91866,              0.5837,            0.031404,            0.010952,           0.0028405,           0.0014283,           0.0014283,           0.0014283
                 260,            0.021062,            0.012579,           0.0019068,             0.94545,             0.84894,             0.91593,              0.5848,            0.031309,            0.010891,           0.0028395,           0.0014084,           0.0014084,           0.0014084
                 261,             0.02056,            0.012349,           0.0019976,             0.94751,             0.83724,             0.91551,             0.58138,            0.031459,             0.01097,           0.0028865,            0.001389,            0.001389,            0.001389
                 262,            0.020788,            0.012003,           0.0021701,             0.92534,             0.86723,              0.9211,             0.58478,            0.031126,            0.011001,           0.0027544,           0.0013701,           0.0013701,           0.0013701
                 263,            0.020488,            0.012087,           0.0021539,             0.92251,             0.86854,               0.921,             0.58388,            0.031263,            0.010993,           0.0026824,           0.0013516,           0.0013516,           0.0013516
                 264,            0.020763,            0.012641,           0.0020743,             0.92311,              0.8684,             0.92056,             0.58759,            0.031128,            0.010992,           0.0026306,           0.0013336,           0.0013336,           0.0013336
                 265,            0.020854,            0.011972,           0.0022422,             0.93175,             0.86842,              0.9275,             0.58618,            0.030969,            0.011009,           0.0025617,            0.001316,            0.001316,            0.001316
                 266,            0.021085,            0.012338,           0.0020527,              0.9333,             0.86813,             0.92826,             0.58697,            0.030939,            0.011005,           0.0025789,           0.0012989,           0.0012989,           0.0012989
                 267,            0.020966,            0.012109,           0.0019124,             0.92105,             0.87291,             0.92917,               0.588,            0.031035,             0.01103,           0.0025373,           0.0012822,           0.0012822,           0.0012822
                 268,             0.02085,            0.012395,           0.0019612,             0.92397,             0.87617,             0.92892,             0.58677,            0.031163,             0.01102,           0.0025582,            0.001266,            0.001266,            0.001266
                 269,            0.020673,            0.012221,           0.0019115,             0.93488,             0.86897,             0.92863,              0.5843,             0.03126,            0.011029,            0.002626,           0.0012503,           0.0012503,           0.0012503
                 270,            0.020745,            0.012069,            0.001826,             0.93053,             0.86774,              0.9281,             0.58448,            0.031254,            0.011004,           0.0027395,            0.001235,            0.001235,            0.001235
                 271,            0.020842,            0.011884,           0.0018451,              0.9368,              0.8567,             0.92561,             0.58536,            0.031189,            0.011019,           0.0027891,           0.0012202,           0.0012202,           0.0012202
                 272,            0.020769,            0.012547,           0.0020808,             0.93317,               0.847,             0.92283,             0.58377,            0.031335,            0.011001,           0.0028579,           0.0012059,           0.0012059,           0.0012059
                 273,            0.020434,            0.012236,           0.0019711,             0.92221,             0.86514,             0.92428,             0.58054,              0.0314,            0.010995,           0.0028225,           0.0011921,           0.0011921,           0.0011921
                 274,            0.020861,            0.011761,           0.0021099,             0.92236,             0.87216,             0.92486,             0.58294,            0.031316,            0.010997,           0.0027398,           0.0011787,           0.0011787,           0.0011787
                 275,            0.020506,            0.012383,           0.0020681,             0.91522,              0.8775,             0.92531,             0.58609,            0.031177,            0.010961,           0.0027298,           0.0011658,           0.0011658,           0.0011658
                 276,            0.021096,            0.012585,           0.0020123,             0.90702,             0.87246,             0.91987,             0.58634,            0.031038,            0.010918,           0.0027557,           0.0011533,           0.0011533,           0.0011533
                 277,            0.020425,            0.012284,           0.0017157,             0.93299,             0.84636,             0.92031,               0.589,            0.030897,            0.010914,           0.0028177,           0.0011414,           0.0011414,           0.0011414
                 278,            0.020763,             0.01217,            0.001875,             0.93135,             0.85037,             0.92057,                0.59,            0.030958,            0.010937,           0.0027658,           0.0011299,           0.0011299,           0.0011299
                 279,            0.020184,            0.012081,           0.0016561,             0.89705,             0.86945,             0.91805,             0.58904,            0.031142,            0.010952,           0.0028609,           0.0011189,           0.0011189,           0.0011189
                 280,             0.02108,            0.012467,           0.0017516,             0.90684,             0.86398,             0.91874,             0.58536,            0.031231,            0.010968,           0.0028919,           0.0011084,           0.0011084,           0.0011084
                 281,            0.020687,            0.012224,           0.0016841,             0.89817,             0.87001,             0.91806,             0.58743,            0.031166,            0.010967,           0.0029333,           0.0010983,           0.0010983,           0.0010983
                 282,            0.020474,            0.012096,           0.0019346,             0.91675,             0.85434,              0.9195,             0.59059,            0.031116,            0.010942,           0.0028925,           0.0010888,           0.0010888,           0.0010888
                 283,            0.020423,            0.012042,           0.0021044,             0.92217,             0.84496,             0.91614,             0.58757,            0.031202,            0.010981,           0.0029189,           0.0010797,           0.0010797,           0.0010797
                 284,            0.020294,            0.011912,            0.002021,             0.92005,               0.853,             0.91807,             0.58808,            0.031256,            0.011002,           0.0029647,           0.0010711,           0.0010711,           0.0010711
                 285,            0.020168,             0.01211,           0.0021173,             0.90766,             0.85476,             0.91892,               0.589,            0.031326,            0.011013,           0.0029712,            0.001063,            0.001063,            0.001063
                 286,            0.020542,            0.012538,            0.001936,             0.90091,             0.85443,             0.91645,             0.58274,            0.031338,            0.011014,           0.0029844,           0.0010554,           0.0010554,           0.0010554
                 287,            0.020366,            0.011845,           0.0019638,             0.89852,             0.85434,             0.91713,             0.58421,            0.031417,            0.011066,           0.0030152,           0.0010483,           0.0010483,           0.0010483
                 288,            0.020767,            0.012463,           0.0019877,             0.88833,              0.8658,             0.91737,             0.58469,            0.031407,            0.011083,           0.0030914,           0.0010416,           0.0010416,           0.0010416
                 289,            0.020645,            0.012109,           0.0018224,             0.88531,             0.86407,             0.91613,             0.58526,            0.031472,            0.011094,           0.0030702,           0.0010355,           0.0010355,           0.0010355
                 290,            0.020563,            0.012031,            0.001777,             0.91407,             0.84194,              0.9144,              0.5838,             0.03162,            0.011126,           0.0030159,           0.0010298,           0.0010298,           0.0010298
                 291,            0.020591,            0.012194,           0.0020492,              0.8882,             0.86269,             0.91477,             0.58395,            0.031566,            0.011125,           0.0029853,           0.0010247,           0.0010247,           0.0010247
                 292,            0.019991,            0.011949,           0.0018636,             0.88848,             0.86476,             0.91484,             0.58684,            0.031399,            0.011103,           0.0029516,             0.00102,             0.00102,             0.00102
                 293,            0.020578,            0.012348,           0.0017327,             0.88454,             0.85542,             0.90583,             0.58374,            0.031483,            0.011088,           0.0029455,           0.0010158,           0.0010158,           0.0010158
                 294,            0.020504,            0.012032,           0.0018289,             0.88506,             0.85951,             0.91069,             0.58307,            0.031475,            0.011058,           0.0028767,           0.0010121,           0.0010121,           0.0010121
                 295,            0.020145,            0.011494,           0.0019468,             0.88318,             0.85456,             0.90481,             0.58162,            0.031479,            0.011042,           0.0028652,           0.0010089,           0.0010089,           0.0010089
                 296,            0.019783,            0.011488,           0.0019319,             0.89346,              0.8515,             0.90532,             0.58279,            0.031428,            0.011008,           0.0030023,           0.0010062,           0.0010062,           0.0010062
                 297,            0.020126,            0.012007,           0.0021027,             0.91027,              0.8381,             0.90912,             0.58266,            0.031523,            0.011017,            0.003059,           0.0010039,           0.0010039,           0.0010039
                 298,            0.020553,            0.012495,           0.0015988,              0.8877,             0.85973,             0.91119,             0.58205,            0.031474,            0.011028,           0.0030338,           0.0010022,           0.0010022,           0.0010022
                 299,             0.02095,            0.012284,           0.0018003,             0.93838,             0.81435,             0.90709,             0.57889,            0.031426,             0.01107,           0.0029876,            0.001001,            0.001001,            0.001001
